time_s,voltage_v,current_a,temp_c,temp_amb_c,step_index
0.0,4.191873,-2.900098,25.44931983947754,25.880380630493164,10
60.00010000000475,4.19032,-2.900093,25.353477478027344,25.71090316772461,10
120.00010000000475,4.188997,-2.900101,25.342313766479492,25.68952751159668,10
180.0,4.187805,-2.900128,25.477869033813477,25.65622901916504,10
240.0002999999997,4.186616,-2.900096,25.397029876708984,25.77666664123535,10
300.0002000000095,4.185444,-2.900093,25.35024070739746,25.744171142578125,10
360.00010000000475,4.184361,-2.900083,25.416059494018555,25.767166137695312,10
420.0002999999997,4.183259,-2.900095,25.47234535217285,25.666561126708984,10
480.0005000000092,4.182125,-2.90005,25.56818199157715,25.78374671936035,10
540.0002000000095,4.181067,-2.900102,25.4722957611084,25.659381866455078,10
600.0004000000044,4.179959,-2.900075,25.546798706054688,25.6696834564209,10
660.0001000000047,4.178867,-2.900082,25.389896392822266,25.64119529724121,10
720.0004000000044,4.17781,-2.900102,25.43189239501953,25.825759887695312,10
780.0005999999994,4.176769,-2.900073,25.51514434814453,25.64516830444336,10
840.0002000000095,4.175706,-2.900091,25.492910385131836,25.836830139160156,10
900.0004000000044,4.174643,-2.900112,25.33757781982422,25.738649368286133,10
960.0,4.173594,-2.900118,25.504806518554688,25.70456314086914,10
1020.0002999999997,4.17253,-2.900114,25.4754695892334,25.77427864074707,10
1080.0005999999994,4.171499,-2.90011,25.467561721801758,25.744991302490234,10
1140.0002000000095,4.170455,-2.900096,25.530954360961914,25.653844833374023,10
1200.0004000000044,4.169402,-2.900077,25.42078399658203,25.843170166015625,10
1260.0004000000044,4.168381,-2.90011,25.542049407958984,25.62215232849121,10
1320.0002999999997,4.167364,-2.900096,25.431835174560547,25.8043155670166,10
1380.0002000000095,4.166317,-2.900104,25.500816345214844,25.780576705932617,10
1440.0001000000047,4.165258,-2.900119,25.57610511779785,25.663330078125,10
1500.0002999999997,4.164246,-2.900113,25.441354751586914,25.792442321777344,10
1560.0001000000047,4.163226,-2.900121,25.485776901245117,25.515960693359375,10
1620.0002999999997,4.162146,-2.900135,25.329605102539062,25.830488204956055,10
1680.0001000000047,4.161142,-2.900102,25.386686325073242,25.851871490478516,10
1740.0002999999997,4.160126,-2.900106,25.392200469970703,25.814613342285156,10
1800.0002999999997,4.159073,-2.900099,25.46360206604004,25.57224464416504,10
1860.0002999999997,4.158051,-2.90011,25.407291412353516,25.82891273498535,10
1920.0001000000047,4.157026,-2.900104,25.3248233795166,25.78609848022461,10
1980.0002999999997,4.155971,-2.900105,25.36687469482422,25.79167938232422,10
2040.0002000000095,4.154994,-2.900128,25.450109481811523,25.822572708129883,10
2100.0,4.153965,-2.900088,25.60379981994629,25.662498474121094,10
2160.0001000000047,4.152953,-2.90007,25.49602508544922,25.896963119506836,10
2220.000500000009,4.151929,-2.900113,25.4223575592041,25.76633071899414,10
2280.0004000000044,4.150915,-2.900119,25.557878494262695,25.67363166809082,10
2340.0004000000044,4.149887,-2.90013,25.524581909179688,25.64034080505371,10
2400.0001000000047,4.148871,-2.900142,25.52378273010254,25.682327270507812,10
2460.0002999999997,4.147817,-2.900093,25.31375503540039,25.77188491821289,10
2520.0002000000095,4.146822,-2.900141,25.373180389404297,25.802738189697266,10
2580.0004000000044,4.145792,-2.900098,25.46750259399414,25.668851852416992,10
2640.0004000000044,4.144775,-2.900096,25.399335861206055,25.87163734436035,10
2700.0004000000044,4.143783,-2.90011,25.381105422973633,25.824913024902344,10
2760.0002000000095,4.142711,-2.900126,25.489723205566406,25.619754791259766,10
2820.0004000000044,4.141715,-2.90011,25.4183349609375,25.695798873901367,10
2880.0001000000047,4.140666,-2.900114,25.348617553710938,25.7813663482666,10
2940.0,4.139648,-2.900067,25.524568557739258,25.611019134521484,10
3000.0002999999997,4.138649,-2.900126,25.409685134887695,25.721149444580078,10
3060.0002000000095,4.137633,-2.900127,25.426254272460938,25.884275436401367,10
3120.000500000009,4.136599,-2.900114,25.4666690826416,25.874757766723633,10
3180.000500000009,4.135601,-2.900113,25.61092185974121,25.71240234375,10
3240.0002000000095,4.134552,-2.900113,25.52300453186035,25.70294189453125,10
3300.0,4.133524,-2.900143,25.504724502563477,25.827251434326172,10
3360.0002000000095,4.132509,-2.900103,25.431821823120117,25.718751907348633,10
3420.0002000000095,4.131481,-2.900121,25.534038543701172,25.820907592773438,10
3480.0002000000095,4.130464,-2.900122,25.520597457885742,25.786087036132812,10
3540.0001000000047,4.129453,-2.900113,25.4278621673584,25.721923828125,10
3600.0,4.128447,-2.90012,25.362096786499023,25.741762161254883,10
3660.0001000000047,4.127441,-2.900093,25.434995651245117,25.736181259155273,10
3720.0,4.126429,-2.900089,25.56182861328125,25.71323013305664,10
3780.0002000000095,4.125367,-2.90011,25.339080810546875,25.83516502380371,10
3840.0002000000095,4.124337,-2.900093,25.4857120513916,25.72348976135254,10
3900.0002999999997,4.123293,-2.900084,25.483367919921875,25.820955276489258,10
3960.000500000009,4.122286,-2.900074,25.371564865112305,25.82172393798828,10
4020.0,4.121271,-2.900087,25.579221725463867,25.72348976135254,10
4080.0002999999997,4.120223,-2.900101,25.393749237060547,25.801904678344727,10
4140.000400000004,4.119215,-2.900102,25.379487991333008,25.83042335510254,10
4200.0002000000095,4.118208,-2.900113,25.53799819946289,25.632362365722656,10
4260.0002000000095,4.117158,-2.900096,25.465877532958984,25.702878952026367,10
4320.0002000000095,4.116103,-2.900081,25.36996078491211,25.535688400268555,10
4380.0003,4.115097,-2.900084,25.342243194580078,25.828859329223633,10
4440.000100000005,4.114096,-2.900076,25.439735412597656,25.676748275756836,10
4500.0,4.113055,-2.900112,25.556215286254883,25.686229705810547,10
4560.0002000000095,4.112036,-2.900109,25.541988372802734,25.664875030517578,10
4620.000100000005,4.110995,-2.900076,25.323232650756836,25.7670955657959,10
4680.000500000009,4.10998,-2.900111,25.557819366455078,25.65930938720703,10
4740.000100000005,4.108949,-2.900115,25.386613845825195,25.793209075927734,10
4800.0002000000095,4.107886,-2.900096,25.587915420532227,25.74643898010254,10
4860.000400000004,4.106893,-2.900111,25.465877532958984,25.616531372070312,10
4920.000100000005,4.105874,-2.90012,25.520553588867188,25.721879959106445,10
4980.000100000005,4.104816,-2.900082,25.4072265625,25.879520416259766,10
5040.000400000004,4.103797,-2.900115,25.41197395324707,25.87713623046875,10
5100.0,4.102778,-2.900094,25.4119873046875,25.727447509765625,10
5160.000400000004,4.101719,-2.900107,25.556251525878906,25.565032958984375,10
5220.0003,4.100676,-2.900102,25.327972412109375,25.786087036132812,10
5280.000400000004,4.099679,-2.900118,25.39136505126953,25.813777923583984,10
5340.000400000004,4.098614,-2.900082,25.35651397705078,25.800344467163086,10
5400.0,4.097614,-2.900082,25.438173294067383,25.717967987060547,10
5460.000500000009,4.09657,-2.900091,25.480146408081055,25.809816360473633,10
5520.000400000004,4.095522,-2.900099,25.502334594726562,25.70366859436035,10
5580.0002000000095,4.094483,-2.90007,25.616437911987305,25.732177734375,10
5640.000500000009,4.093471,-2.900092,25.518980026245117,25.684656143188477,10
5700.000100000005,4.092393,-2.900083,25.461097717285156,25.722702026367188,10
5760.0,4.091363,-2.900081,25.362035751342773,25.87474822998047,10
5820.000400000004,4.090341,-2.900101,25.416728973388672,25.718708038330078,10
5880.000400000004,4.089311,-2.900118,25.423858642578125,25.782087326049805,10
5940.0002000000095,4.08828,-2.900145,25.393712997436523,25.830381393432617,10
6000.000400000004,4.087238,-2.900112,25.407201766967773,25.73692512512207,10
6060.000100000005,4.086166,-2.900133,25.534032821655273,25.685441970825195,10
6120.0003,4.085123,-2.900113,25.38897132873535,25.847028732299805,10
6180.000100000005,4.084074,-2.900092,25.48884391784668,25.818510055541992,10
6240.000400000004,4.083035,-2.900132,25.446828842163086,25.80504035949707,10
6300.0,4.082007,-2.900135,25.450029373168945,25.865262985229492,10
6360.0002000000095,4.080967,-2.900146,25.476930618286133,25.899267196655273,10
6420.000400000004,4.079957,-2.900125,25.428598403930664,25.872358322143555,10
6480.000500000009,4.078931,-2.900121,25.537202835083008,25.710002899169922,10
6540.0,4.077865,-2.900123,25.429420471191406,25.780515670776367,10
6600.0,4.076829,-2.900142,25.4158992767334,25.803478240966797,10
6660.0003,4.075775,-2.900109,25.397706985473633,25.813777923583984,10
6720.000100000005,4.074711,-2.90012,25.5617733001709,25.808992385864258,10
6780.0002000000095,4.073683,-2.900154,25.365209579467773,25.77972412109375,10
6840.0002000000095,4.072659,-2.900155,25.425426483154297,25.883447647094727,10
6900.000500000009,4.071631,-2.900094,25.461917877197266,25.38509178161621,10
6960.0,4.070542,-2.900127,25.62834358215332,25.701297760009766,10
7020.000400000004,4.069545,-2.900117,25.54590606689453,25.683053970336914,10
7080.0002000000095,4.068481,-2.900112,25.35411262512207,25.80507469177246,10
7140.000100000005,4.067412,-2.900111,25.50315284729004,25.775779724121094,10
7200.0,4.066384,-2.900127,25.514230728149414,25.694169998168945,10
7260.000100000005,4.065345,-2.900114,25.568870544433594,25.656097412109375,10
7320.000400000004,4.064288,-2.900104,25.427810668945312,25.878704071044922,10
7380.000400000004,4.063237,-2.900104,25.42303466796875,25.795520782470703,10
7440.000400000004,4.062233,-2.900126,25.553037643432617,25.81850814819336,10
7500.0,4.06115,-2.900111,25.403240203857422,25.77574348449707,10
7560.000500000009,4.060136,-2.900098,25.535627365112305,25.633134841918945,10
7620.000400000004,4.059062,-2.900105,25.365955352783203,25.74087905883789,10
7680.0003,4.058034,-2.900134,25.402414321899414,25.828020095825195,10
7740.0002000000095,4.056963,-2.900099,25.53717041015625,25.628389358520508,10
7800.000500000009,4.055924,-2.900105,25.61960792541504,25.721086502075195,10
7860.000500000009,4.054907,-2.900105,25.333494186401367,25.69891929626465,10
7920.0,4.053813,-2.900098,25.54273796081543,25.69414710998535,10
7980.000500000009,4.052772,-2.900087,25.349334716796875,25.80030059814453,10
8040.000400000004,4.051707,-2.900126,25.431774139404297,25.79712677001953,10
8100.000400000004,4.050698,-2.900104,25.457162857055664,25.77259635925293,10
8160.0002000000095,4.049649,-2.900142,25.504714965820312,25.59195327758789,10
8220.000100000005,4.048624,-2.900119,25.410375595092773,25.818513870239258,10
8280.00020000001,4.04758,-2.900128,25.53877830505371,25.604616165161133,10
8340.00020000001,4.046525,-2.900094,25.37944221496582,25.80899429321289,10
8400.0,4.045445,-2.900109,25.382654190063477,25.783687591552734,10
8460.00020000001,4.044412,-2.900119,25.549076080322266,25.629175186157227,10
8520.0003,4.043382,-2.900097,25.43016815185547,25.68861198425293,10
8580.0,4.042355,-2.900149,25.534820556640625,25.529329299926758,10
8640.00050000001,4.041317,-2.900119,25.5799617767334,25.667184829711914,10
8700.000100000005,4.040252,-2.900092,25.35014533996582,25.683841705322266,10
8760.000100000005,4.039231,-2.900101,25.539560317993164,25.63392448425293,10
8820.000400000004,4.038181,-2.900103,25.52689552307129,25.721088409423828,10
8880.00020000001,4.037131,-2.900108,25.424640655517578,25.825639724731445,10
8940.000400000004,4.036089,-2.900121,25.54829216003418,25.656917572021484,10
9000.000400000004,4.03504,-2.900094,25.483314514160156,25.556293487548828,10
9060.0003,4.033978,-2.900119,25.439697265625,25.833555221557617,10
9120.000400000004,4.032958,-2.900109,25.468263626098633,25.69813346862793,10
9180.00050000001,4.031916,-2.900078,25.33428382873535,25.79239273071289,10
9240.00020000001,4.030897,-2.900118,25.53638458251953,25.730573654174805,10
9300.00050000001,4.029862,-2.90011,25.51184844970703,25.67039680480957,10
9360.00020000001,4.028852,-2.900132,25.423864364624023,25.696537017822266,10
9420.0003,4.027795,-2.90011,25.51342010498047,25.636314392089844,10
9480.00050000001,4.026744,-2.900109,25.317617416381836,25.839113235473633,10
9540.000100000005,4.025704,-2.900134,25.57999610900879,25.694961547851562,10
9600.00020000001,4.024646,-2.900075,25.39453125,25.767038345336914,10
9660.00050000001,4.023671,-2.900104,25.416723251342773,25.725051879882812,10
9720.00050000001,4.022589,-2.900078,25.467491149902344,25.654577255249023,10
9780.0003,4.021571,-2.900106,25.373125076293945,25.83119773864746,10
9840.000100000005,4.020488,-2.900143,25.422286987304688,25.716352462768555,10
9900.0003,4.019524,-2.90011,25.491233825683594,25.806642532348633,10
9960.00050000001,4.018465,-2.900113,25.355690002441406,25.84941864013672,10
10020.0,4.017459,-2.900091,25.491233825683594,25.828025817871094,10
10080.000100000005,4.016398,-2.900114,25.39531898498535,25.696531295776367,10
10140.000100000005,4.015362,-2.900104,25.367603302001953,25.761520385742188,10
10200.0003,4.014326,-2.900105,25.447649002075195,25.691789627075195,10
10260.00050000001,4.013286,-2.900085,25.505496978759766,25.799510955810547,10
10320.00020000001,4.012286,-2.900101,25.535627365112305,25.629993438720703,10
10380.0003,4.011277,-2.900133,25.461097717285156,25.599878311157227,10
10440.000100000005,4.010208,-2.900082,25.568090438842773,25.75278663635254,10
10500.0,4.009211,-2.900087,25.539594650268555,25.717132568359375,10
10560.00020000001,4.008149,-2.900083,25.475358963012695,25.831161499023438,10
10620.0003,4.007156,-2.900116,25.57682228088379,25.664047241210938,10
10680.0003,4.006078,-2.900083,25.51184844970703,25.69178581237793,10
10740.00020000001,4.005082,-2.900116,25.521364212036133,25.70842933654785,10
10800.000400000004,4.004051,-2.90011,25.42620849609375,25.834333419799805,10
10860.0003,4.003039,-2.900082,25.442079544067383,25.750391006469727,10
10920.0003,4.002041,-2.900104,25.433380126953125,25.820114135742188,10
10980.000400000004,4.000999,-2.900119,25.33428382873535,25.721099853515625,10
11040.000400000004,3.999971,-2.900123,25.454784393310547,25.755958557128906,10
11100.0003,3.998956,-2.900128,25.484098434448242,25.735349655151367,10
11160.00020000001,3.997948,-2.900122,25.389795303344727,25.655359268188477,10
11220.000100000005,3.996939,-2.90009,25.34776496887207,25.777345657348633,10
11280.0003,3.995923,-2.900095,25.511064529418945,25.59830093383789,10
11340.00050000001,3.994895,-2.900126,25.556215286254883,25.73535919189453,10
11400.0,3.993917,-2.900115,25.53638458251953,25.667221069335938,10
11460.00020000001,3.992885,-2.90013,25.38739585876465,25.84149742126465,10
11520.000400000004,3.991848,-2.900101,25.533248901367188,25.69974708557129,10
11580.0006,3.990837,-2.900099,25.38739585876465,25.89534568786621,10
11640.000100000005,3.989839,-2.900119,25.427810668945312,25.878704071044922,10
11700.000400000004,3.988827,-2.900116,25.38422966003418,25.870803833007812,10
11760.000100000005,3.987828,-2.900091,25.499940872192383,25.79395866394043,10
11820.0,3.986804,-2.90007,25.515024185180664,25.702091217041016,10
11880.00020000001,3.985803,-2.900109,25.40876579284668,25.859676361083984,10
11940.00020000001,3.984778,-2.900135,25.523725509643555,25.725051879882812,10
12000.000100000005,3.983765,-2.900076,25.477754592895508,25.71474838256836,10
12060.00020000001,3.982773,-2.900093,25.43256187438965,25.86919403076172,10
12120.00020000001,3.981755,-2.900085,25.342201232910156,25.600656509399414,10
12180.0,3.980734,-2.900096,25.45635414123535,25.7290096282959,10
12240.0,3.979775,-2.900091,25.426244735717773,25.84149742126465,10
12300.0003,3.978768,-2.900118,25.506324768066406,25.595916748046875,10
12360.00020000001,3.97773,-2.900092,25.492809295654297,25.72348403930664,10
12420.000100000005,3.976767,-2.900083,25.349334716796875,25.842283248901367,10
12480.0003,3.975738,-2.900127,25.497583389282227,25.677490234375,10
12540.00050000001,3.974735,-2.900129,25.527687072753906,25.671968460083008,10
12600.0,3.97376,-2.900128,25.556209564208984,25.700483322143555,10
12660.000100000005,3.972705,-2.900098,25.46904754638672,25.791601181030273,10
12720.000100000005,3.971715,-2.900123,25.35965347290039,25.846248626708984,10
12780.0003,3.97073,-2.900135,25.573654174804688,25.675140380859375,10
12840.0003,3.96973,-2.900109,25.34937286376953,25.850234985351562,10
12900.0003,3.968741,-2.900094,25.431777954101562,25.818513870239258,10
12960.00050000001,3.967739,-2.900074,25.470613479614258,25.72900390625,10
13020.000100000005,3.966748,-2.900095,25.507097244262695,25.736948013305664,10
13080.00020000001,3.965718,-2.900087,25.601356506347656,25.82403564453125,10
13140.0,3.964763,-2.900106,25.51263427734375,25.87079429626465,10
13200.0003,3.963742,-2.900114,25.458744049072266,25.738527297973633,10
13260.00050000001,3.962721,-2.90009,25.55464744567871,25.700490951538086,10
13320.0003,3.961769,-2.900111,25.52849578857422,25.64027214050293,10
13380.00020000001,3.960772,-2.900096,25.47696876525879,25.910385131835938,10
13440.000100000005,3.959774,-2.90009,25.444469451904297,25.752779006958008,10
13500.0,3.958772,-2.900118,25.564950942993164,25.687833786010742,10
13560.00020000001,3.957785,-2.900083,25.4222469329834,25.851760864257812,10
13620.000400000004,3.956781,-2.900141,25.39213752746582,25.828807830810547,10
13680.000100000005,3.955787,-2.900105,25.365989685058594,25.809810638427734,10
13740.00050000001,3.954786,-2.900089,25.539560317993164,25.79791259765625,10
13800.000400000004,3.953786,-2.900081,25.358074188232422,25.823287963867188,10
13860.000400000004,3.952816,-2.900087,25.43256187438965,25.854938507080078,10
13920.0003,3.951828,-2.900141,25.362035751342773,25.755958557128906,10
13980.0006,3.950832,-2.90013,25.47218894958496,25.80899429321289,10
14040.00050000001,3.949809,-2.90009,25.565731048583984,25.724260330200195,10
14100.0003,3.948822,-2.900126,25.438121795654297,25.853364944458008,10
14160.000400000004,3.947814,-2.900113,25.5229434967041,25.656137466430664,10
14220.0,3.946812,-2.900095,25.53246307373047,25.67039680480957,10
14280.0006,3.945871,-2.900117,25.53006935119629,25.74722671508789,10
14340.000400000004,3.944855,-2.900136,25.517379760742188,25.789997100830078,10
14400.0,3.943862,-2.90013,25.361248016357422,25.79794692993164,10
14460.000100000005,3.942884,-2.90015,25.547513961791992,25.63474464416504,10
14520.000400000004,3.941905,-2.900136,25.52772331237793,25.622089385986328,10
14580.0,3.940909,-2.900117,25.40084457397461,25.88739776611328,10
14640.000100000005,3.939909,-2.900084,25.503896713256836,25.655317306518555,10
14700.0003,3.938916,-2.900089,25.48884391784668,25.76861000061035,10
14760.0003,3.937904,-2.900106,25.475364685058594,25.840681076049805,10
14820.000100000005,3.936917,-2.90012,25.371551513671875,25.801111221313477,10
14880.00050000001,3.935894,-2.900103,25.36756706237793,25.83989906311035,10
14940.00020000001,3.934905,-2.900112,25.524505615234375,25.6901798248291,10
15000.0003,3.933941,-2.900132,25.51498794555664,25.623619079589844,10
15060.00050000001,3.932944,-2.900126,25.38739585876465,25.83832359313965,10
15120.000100000005,3.931946,-2.900125,25.461877822875977,25.646617889404297,10
15180.0003,3.930934,-2.900115,25.41593360900879,25.638704299926758,10
15240.00020000001,3.92993,-2.900128,25.587915420532227,25.739307403564453,10
15300.0,3.928938,-2.900125,25.364416122436523,25.801868438720703,10
15360.000100000005,3.927942,-2.900112,25.3945369720459,25.638704299926758,10
15420.000100000005,3.926971,-2.900135,25.453962326049805,25.67671012878418,10
15480.0003,3.925963,-2.900126,25.43020248413086,25.717132568359375,10
15540.000400000004,3.924937,-2.90014,25.478565216064453,25.801111221313477,10
15600.0003,3.923924,-2.900087,25.404024124145508,25.854938507080078,10
15660.000100000005,3.922948,-2.900146,25.499940872192383,25.615707397460938,10
15720.000400000004,3.921921,-2.90013,25.41750717163086,25.747222900390625,10
15780.000100000005,3.920925,-2.9001,25.525297164916992,25.719491958618164,10
15840.000100000005,3.91999,-2.900128,25.4864559173584,25.80899429321289,10
15900.0003,3.918926,-2.900127,25.570480346679688,25.600656509399414,10
15960.00050000001,3.917938,-2.900142,25.385820388793945,25.63712501525879,10
16020.0,3.916893,-2.900115,25.4040584564209,25.833587646484375,10
16080.000400000004,3.915914,-2.900119,25.36678695678711,25.875530242919922,10
16140.0,3.914854,-2.900132,25.45792007446289,25.836753845214844,10
16200.0003,3.913871,-2.900136,25.578397750854492,25.684656143188477,10
16260.0,3.912879,-2.900118,25.467443466186523,25.901653289794922,10
16320.0003,3.911852,-2.900122,25.38739585876465,25.78129768371582,10
16380.00020000001,3.910835,-2.900118,25.5799617767334,25.645793914794922,10
16440.0,3.90981,-2.900113,25.38105010986328,25.8034725189209,10
16500.0003,3.908808,-2.900113,25.396102905273438,25.83989715576172,10
16560.00050000001,3.907764,-2.900081,25.4428653717041,25.729787826538086,10
16620.000100000005,3.906753,-2.900141,25.556964874267578,25.75827407836914,10
16680.00020000001,3.905715,-2.900142,25.600570678710938,25.680660247802734,10
16740.000400000004,3.904685,-2.900107,25.39767074584961,25.848590850830078,10
16800.000400000004,3.903666,-2.900095,25.547473907470703,25.66322898864746,10
16860.00020000001,3.90265,-2.900119,25.44525718688965,25.803468704223633,10
16920.0,3.901599,-2.900126,25.427810668945312,25.85019302368164,10
16980.0,3.900577,-2.900125,25.614831924438477,25.801862716674805,10
17040.0,3.899526,-2.900117,25.495153427124023,25.79794692993164,10
17100.0,3.898504,-2.900128,25.54829216003418,25.782045364379883,10
17160.00050000001,3.897405,-2.900119,25.564157485961914,25.671968460083008,10
17220.0,3.896368,-2.900136,25.60610008239746,25.70045280456543,10
17280.00050000001,3.895327,-2.90014,25.352508544921875,25.846240997314453,10
17340.000400000004,3.894291,-2.90011,25.456315994262695,25.793134689331055,10
17400.00020000001,3.893195,-2.900114,25.562559127807617,25.6997013092041,10
17460.000400000004,3.892154,-2.900148,25.587093353271484,25.652925491333008,10
17520.000400000004,3.891104,-2.900128,25.560956954956055,25.826425552368164,10
17580.0003,3.890009,-2.900115,25.440475463867188,25.784433364868164,10
17640.0,3.888977,-2.900097,25.5617733001709,25.698917388916016,10
17700.0003,3.88792,-2.900113,25.47457504272461,25.868404388427734,10
17760.000100000005,3.886802,-2.900137,25.457162857055664,25.82962417602539,10
17820.000100000005,3.885739,-2.900121,25.43651580810547,25.78760528564453,10
17880.0,3.884622,-2.900097,25.596616744995117,25.591136932373047,10
17940.00020000001,3.883567,-2.900117,25.40402603149414,25.826425552368164,10
18000.0003,3.882464,-2.900098,25.401630401611328,25.79712677001953,10
18060.00050000001,3.88141,-2.900118,25.544336318969727,25.655317306518555,10
18120.0003,3.880296,-2.90013,25.628284454345703,25.78921127319336,10
18180.0,3.879187,-2.900149,25.48088836669922,25.71788215637207,10
18240.000400000004,3.878086,-2.900126,25.481712341308594,25.63313865661621,10
18300.0003,3.876985,-2.900125,25.548290252685547,25.856531143188477,10
18360.00050000001,3.875851,-2.900157,25.562559127807617,25.606998443603516,10
18420.000400000004,3.874741,-2.900144,25.56491470336914,25.63075065612793,10
18480.000100000005,3.873629,-2.900168,25.406408309936523,25.778907775878906,10
18540.00050000001,3.872545,-2.900133,25.385820388793945,25.786853790283203,10
18600.0006,3.87143,-2.900108,25.416683197021484,25.753528594970703,10
18660.00050000001,3.870295,-2.90011,25.465839385986328,25.881057739257812,10
18720.000100000005,3.869159,-2.900113,25.643360137939453,25.737703323364258,10
18780.00020000001,3.868068,-2.900115,25.578392028808594,25.629962921142578,10
18840.000100000005,3.866889,-2.900118,25.603748321533203,25.755138397216797,10
18900.0003,3.865795,-2.900134,25.480104446411133,25.831945419311523,10
18960.0,3.864681,-2.90012,25.387361526489258,25.73770523071289,10
19020.000100000005,3.863523,-2.900093,25.49358367919922,25.713109970092773,10
19080.00050000001,3.862366,-2.900121,25.36517333984375,25.80899429321289,10
19140.000400000004,3.861248,-2.900133,25.581567764282227,25.732961654663086,10
19200.00050000001,3.860143,-2.90013,25.36359977722168,25.814552307128906,10
19260.0006,3.858984,-2.900118,25.543516159057617,25.737701416015625,10
19320.0003,3.857814,-2.90014,25.411157608032227,25.86919403076172,10
19380.0,3.85668,-2.900139,25.481708526611328,25.832765579223633,10
19440.0003,3.855543,-2.900148,25.409549713134766,25.846202850341797,10
19500.000100000005,3.854411,-2.90012,25.446043014526367,25.825639724731445,10
19560.000400000004,3.853256,-2.900154,25.52924919128418,25.68779182434082,10
19620.000400000004,3.852116,-2.900159,25.56491470336914,25.616485595703125,10
19680.0,3.850946,-2.900122,25.42303466796875,25.767005920410156,10
19740.000400000004,3.849854,-2.90017,25.388967514038086,25.847023010253906,10
19800.00050000001,3.848694,-2.900132,25.40245246887207,25.81060028076172,10
19860.000100000005,3.847547,-2.900133,25.337448120117188,25.802682876586914,10
19920.000100000005,3.846403,-2.900095,25.357280731201172,25.729787826538086,10
19980.0006,3.845265,-2.90012,25.358034133911133,25.762266159057617,10
20040.00050000001,3.844162,-2.900105,25.483278274536133,25.787609100341797,10
20100.0,3.84304,-2.900128,25.518163681030273,25.669578552246094,10
20160.000100000005,3.841873,-2.900137,25.54030990600586,25.734498977661133,10
20220.000100000005,3.840715,-2.900136,25.390535354614258,25.848590850830078,10
20280.000100000005,3.839627,-2.900142,25.376264572143555,25.80582046508789,10
20340.000400000004,3.83848,-2.900132,25.559385299682617,25.66087532043457,10
20400.00050000001,3.837378,-2.900128,25.428598403930664,25.865234375,10
20460.00050000001,3.836224,-2.900126,25.482492446899414,25.69096565246582,10
20520.000400000004,3.835086,-2.900129,25.458703994750977,25.909564971923828,10
20580.00020000001,3.833986,-2.900153,25.526891708374023,25.806636810302734,10
20640.00050000001,3.832841,-2.900091,25.55143165588379,25.70996856689453,10
20700.0,3.83177,-2.90011,25.472970962524414,25.85967254638672,10
20760.000100000005,3.830632,-2.900129,25.4190731048584,25.820077896118164,10
20820.00020000001,3.829474,-2.900136,25.461877822875977,25.934114456176758,10
20880.00050000001,3.82838,-2.900123,25.505496978759766,25.64266014099121,10
20940.0,3.827278,-2.900165,25.57917594909668,25.82324981689453,10
21000.0,3.826146,-2.900142,25.418292999267578,25.907211303710938,10
21060.000100000005,3.825033,-2.900125,25.55143165588379,25.660057067871094,10
21120.00050000001,3.823945,-2.900127,25.450029373168945,25.822494506835938,10
21180.000100000005,3.822778,-2.900137,25.41832733154297,25.61969566345215,10
21240.0,3.821725,-2.900095,25.43968963623047,25.947586059570312,10
21300.000100000005,3.82058,-2.90013,25.476181030273438,25.64187240600586,10
21360.000400000004,3.819495,-2.900126,25.36281394958496,25.806640625,10
21420.00020000001,3.818373,-2.900114,25.47931671142578,25.70205307006836,10
21480.0,3.81724,-2.900139,25.55143165588379,25.58161163330078,10
21540.000400000004,3.816138,-2.900144,25.41511344909668,25.730571746826172,10
21600.00020000001,3.815011,-2.900136,25.41351318359375,25.786006927490234,10
21660.000400000004,3.813903,-2.900136,25.424640655517578,25.647401809692383,10
21720.0003,3.812772,-2.900164,25.427854537963867,25.643482208251953,10
21780.000400000004,3.81171,-2.900116,25.504714965820312,25.594348907470703,10
21840.0003,3.810568,-2.900125,25.3604679107666,25.706825256347656,10
21900.000100000005,3.809454,-2.90014,25.485666275024414,25.80582046508789,10
21960.00050000001,3.808358,-2.900108,25.393712997436523,25.79473876953125,10
22020.00020000001,3.807228,-2.900143,25.5799617767334,25.695709228515625,10
22080.000400000004,3.806121,-2.900098,25.479320526123047,25.602224349975586,10
22140.000100000005,3.80499,-2.900115,25.435762405395508,25.786853790283203,10
22200.000400000004,3.803866,-2.90015,25.35250473022461,25.839109420776367,10
22260.00020000001,3.802768,-2.900165,25.33662986755371,25.844635009765625,10
22320.0003,3.801631,-2.900136,25.55382537841797,25.69809913635254,10
22380.000400000004,3.800517,-2.900149,25.332714080810547,25.69814109802246,10
22440.000100000005,3.799416,-2.900145,25.340625762939453,25.862882614135742,10
22500.00050000001,3.798271,-2.900104,25.373125076293945,25.802682876586914,10
22560.00020000001,3.797189,-2.900139,25.433380126953125,25.75595474243164,10
22620.000100000005,3.796053,-2.900122,25.559385299682617,25.703659057617188,10
22680.000400000004,3.794905,-2.900117,25.301774978637695,25.795562744140625,10
22740.000100000005,3.793792,-2.900114,25.497581481933594,25.733749389648438,10
22800.00050000001,3.792675,-2.900127,25.40477180480957,25.836719512939453,10
22860.00020000001,3.791549,-2.90013,25.471406936645508,25.660057067871094,10
22920.000100000005,3.790424,-2.900113,25.45635414123535,25.65770721435547,10
22980.0003,3.789293,-2.900134,25.522903442382812,25.63153076171875,10
23040.000100000005,3.788216,-2.900106,25.47931671142578,25.680662155151367,10
23100.00020000001,3.787113,-2.900128,25.312870025634766,25.770999908447266,10
23160.000100000005,3.786005,-2.900126,25.312084197998047,25.812984466552734,10
23220.0,3.78484,-2.900119,25.492013931274414,25.68622398376465,10
23280.000400000004,3.783727,-2.900144,25.449220657348633,25.67909812927246,10
23340.000400000004,3.782631,-2.90017,25.346160888671875,25.718708038330078,10
23400.00050000001,3.781497,-2.900114,25.284332275390625,25.763877868652344,10
23460.0003,3.780393,-2.900132,25.304950714111328,25.734569549560547,10
23520.000100000005,3.779305,-2.900115,25.48727035522461,25.73139190673828,10
23580.000100000005,3.778182,-2.900096,25.335063934326172,25.70762062072754,10
23640.000400000004,3.777121,-2.900135,25.426244735717773,25.616485595703125,10
23700.0003,3.775991,-2.900132,25.480926513671875,25.639482498168945,10
23760.000100000005,3.774865,-2.900134,25.470659255981445,25.624435424804688,10
23820.00020000001,3.773839,-2.900125,25.3636417388916,25.707612991333008,10
23880.00050000001,3.772726,-2.900132,25.35964584350586,25.8034725189209,10
23940.0003,3.771657,-2.900106,25.339025497436523,25.761484146118164,10
24000.00050000001,3.770539,-2.900141,25.43256187438965,25.769397735595703,10
24060.000100000005,3.769498,-2.900136,25.338233947753906,25.860492706298828,10
24120.0003,3.768445,-2.900136,25.33348846435547,25.834369659423828,10
24180.0003,3.767357,-2.900113,25.33505630493164,25.821678161621094,10
24240.0,3.766372,-2.900142,25.375520706176758,25.733783721923828,10
24300.000100000005,3.765299,-2.900117,25.50706672668457,25.701269149780273,10
24360.0003,3.764249,-2.900113,25.51024627685547,25.69731903076172,10
24420.0,3.763214,-2.900133,25.33505630493164,25.821678161621094,10
24480.000100000005,3.762225,-2.900093,25.43256187438965,25.705230712890625,10
24540.000400000004,3.761192,-2.900121,25.29381561279297,25.8588924407959,10
24600.0003,3.760214,-2.900139,25.44369125366211,25.809810638427734,10
24660.00050000001,3.759171,-2.900115,25.407978057861328,25.892169952392578,10
24720.0003,3.758182,-2.900123,25.387361526489258,25.683841705322266,10
24780.0003,3.757226,-2.900114,25.31446647644043,25.754352569580078,10
24840.0,3.75623,-2.900144,25.418292999267578,25.769397735595703,10
24900.000400000004,3.755261,-2.900134,25.294639587402344,25.745656967163086,10
24960.0006,3.754304,-2.900144,25.47774887084961,25.636306762695312,10
25020.0003,3.753295,-2.900121,25.41276741027832,25.713970184326172,10
25080.0,3.752384,-2.9001,25.524511337280273,25.661663055419922,10
25140.0003,3.751441,-2.900105,25.390535354614258,25.706010818481445,10
25200.000400000004,3.750509,-2.90013,25.428604125976562,25.60857582092285,10
25260.000400000004,3.749562,-2.900123,25.485666275024414,25.829593658447266,10
25320.00050000001,3.748676,-2.90014,25.431772232055664,25.768606185913086,10
25380.0,3.74774,-2.900155,25.251813888549805,25.752779006958008,10
25440.0,3.746833,-2.900126,25.283538818359375,25.84149742126465,10
25500.00020000001,3.745908,-2.900117,25.341407775878906,25.713958740234375,10
25560.00050000001,3.745018,-2.900139,25.44051742553711,25.735349655151367,10
25620.000100000005,3.744147,-2.900117,25.48484992980957,25.6204833984375,10
25680.00020000001,3.743282,-2.900147,25.48805809020996,25.73135757446289,10
25740.0,3.742404,-2.900109,25.235193252563477,25.79473876953125,10
25800.00020000001,3.74153,-2.900165,25.239900588989258,25.74087905883789,10
25860.0006,3.74065,-2.900137,25.318401336669922,25.840681076049805,10
25920.00050000001,3.739812,-2.900168,25.465055465698242,25.659273147583008,10
25980.000400000004,3.73899,-2.900107,25.34300994873047,25.822494506835938,10
26040.000400000004,3.738075,-2.900133,25.35881996154785,25.81690788269043,10
26100.00020000001,3.737251,-2.900162,25.28667449951172,25.82324981689453,10
26160.000400000004,3.736459,-2.900116,25.428627014160156,25.651386260986328,10
26220.0003,3.735577,-2.900126,25.465837478637695,25.738489151000977,10
26280.00050000001,3.734782,-2.90012,25.41593360900879,25.667221069335938,10
26340.0,3.733959,-2.900145,25.253427505493164,25.7187442779541,10
26400.0,3.733178,-2.900146,25.35089874267578,25.88027000427246,10
26460.0,3.73236,-2.900126,25.276403427124023,25.741695404052734,10
26520.000400000004,3.731536,-2.900122,25.273223876953125,25.775739669799805,10
26580.0,3.730765,-2.900161,25.27083969116211,25.67596435546875,10
26640.0003,3.72996,-2.900121,25.258132934570312,25.764692306518555,10
26700.0003,3.729191,-2.900094,25.26766014099121,25.861278533935547,10
26760.00020000001,3.728416,-2.900117,25.389755249023438,25.847808837890625,10
26820.000100000005,3.727633,-2.900143,25.296993255615234,25.833555221557617,10
26880.0,3.726814,-2.900119,25.256567001342773,25.793170928955078,10
26940.00020000001,3.726113,-2.900133,25.36517333984375,25.616485595703125,10
27000.00050000001,3.725342,-2.900137,25.245466232299805,25.796342849731445,10
27060.0,3.724588,-2.90015,25.446043014526367,25.71157455444336,10
27120.00020000001,3.723837,-2.900119,25.29381561279297,25.830381393432617,10
27180.000100000005,3.723076,-2.900123,25.39293098449707,25.687015533447266,10
27240.000400000004,3.722363,-2.900145,25.37470245361328,25.618881225585938,10
27300.00050000001,3.721631,-2.900127,25.403240203857422,25.711576461791992,10
27360.0,3.720887,-2.900121,25.286680221557617,25.823251724243164,10
27420.0,3.720155,-2.900142,25.266088485717773,25.82802391052246,10
27480.0003,3.719427,-2.900136,25.256603240966797,25.653749465942383,10
27540.000100000005,3.718729,-2.900128,25.407201766967773,25.650575637817383,10
27600.00050000001,3.718004,-2.900126,25.26451301574707,25.645048141479492,10
27660.0003,3.717324,-2.900133,25.242292404174805,25.778915405273438,10
27720.000400000004,3.716595,-2.90013,25.28272247314453,25.8620662689209,10
27780.0,3.715918,-2.900132,25.254209518432617,25.79794692993164,10
27840.000100000005,3.715191,-2.900158,25.243080139160156,25.75831413269043,10
27900.00020000001,3.714507,-2.900113,25.391359329223633,25.699703216552734,10
27960.0003,3.713829,-2.900112,25.389787673950195,25.719524383544922,10
28020.00020000001,3.71317,-2.900123,25.428604125976562,25.679885864257812,10
28080.0003,3.712482,-2.900122,25.297815322875977,25.81298828125,10
28140.00050000001,3.711785,-2.900125,25.418292999267578,25.705230712890625,10
28200.0,3.711145,-2.900116,25.369129180908203,25.820077896118164,10
28260.0,3.71044,-2.900137,25.434160232543945,25.635522842407227,10
28320.000400000004,3.709817,-2.90015,25.257354736328125,25.850982666015625,10
28380.0003,3.709129,-2.900136,25.406450271606445,25.64822769165039,10
28440.0003,3.708513,-2.900136,25.342201232910156,25.797164916992188,10
28500.0003,3.707864,-2.90013,25.331886291503906,25.87314796447754,10
28560.000400000004,3.707236,-2.900108,25.4158992767334,25.782873153686523,10
28620.0003,3.706567,-2.900085,25.3977108001709,25.613351821899414,10
28680.0,3.705971,-2.900085,25.239900588989258,25.854938507080078,10
28740.0003,3.705325,-2.900078,25.38739585876465,25.752779006958008,10
28800.000100000005,3.704643,-2.900139,25.34772491455078,25.834333419799805,10
28860.0,3.704036,-2.900134,25.254215240478516,25.61970329284668,10
28920.00020000001,3.703434,-2.900141,25.189979553222656,25.790822982788086,10
28980.00009999999,3.702847,-2.900123,25.231975555419922,25.818510055541992,10
29040.00009999999,3.702209,-2.900123,25.175703048706055,25.769437789916992,10
29100.00050000001,3.701622,-2.900132,25.31126594543457,25.919084548950195,10
29160.00009999999,3.700984,-2.900106,25.322397232055664,25.67357063293457,10
29220.00050000001,3.700346,-2.900102,25.376306533813477,25.713180541992188,10
29280.000199999995,3.699803,-2.900132,25.169395446777344,25.770265579223633,10
29340.000400000004,3.699226,-2.900093,25.263704299926758,25.71631622314453,10
29400.0003,3.698614,-2.90013,25.365215301513672,25.76861000061035,10
29460.00009999999,3.698061,-2.900127,25.181236267089844,25.786828994750977,10
29520.00009999999,3.697422,-2.900126,25.351736068725586,25.769432067871094,10
29580.00009999999,3.69688,-2.900132,25.39849281311035,25.763870239257812,10
29640.000400000004,3.696311,-2.900116,25.28671646118164,25.809030532836914,10
29700.000000000015,3.695732,-2.90012,25.228055953979492,25.743305206298828,10
29760.00050000001,3.695141,-2.900091,25.197904586791992,25.734577178955078,10
29820.00009999999,3.694573,-2.900098,25.41275978088379,25.678308486938477,10
29880.000400000004,3.694019,-2.900119,25.462696075439453,25.685440063476562,10
29940.000000000015,3.69349,-2.900123,25.29542350769043,25.725051879882812,10
30000.00009999999,3.692892,-2.9001,25.309694290161133,25.589567184448242,10
30060.000000000015,3.692346,-2.900099,25.227237701416016,25.79239273071289,10
30120.0003,3.691794,-2.900159,25.2169246673584,25.710798263549805,10
30180.00050000001,3.691251,-2.900129,25.312870025634766,25.678312301635742,10
30240.00009999999,3.690748,-2.900121,25.266883850097656,25.732187271118164,10
30300.00009999999,3.690197,-2.900114,25.227237701416016,25.73613166809082,10
30360.000400000004,3.689641,-2.900123,25.312877655029297,25.641056060791016,10
30420.000199999995,3.689142,-2.900144,25.41593360900879,25.61652374267578,10
30480.000199999995,3.688593,-2.900136,25.367610931396484,25.730619430541992,10
30540.0003,3.688041,-2.900115,25.3572940826416,25.68705177307129,10
30600.000400000004,3.687545,-2.900123,25.277196884155273,25.699708938598633,10
30660.00050000001,3.687024,-2.900117,25.396923065185547,25.648221969604492,10
30720.000199999995,3.686485,-2.900107,25.19154930114746,25.778135299682617,10
30780.000400000004,3.686006,-2.900142,25.233591079711914,25.755964279174805,10
30840.0003,3.685484,-2.900149,25.25021743774414,25.822471618652344,10
30900.00050000001,3.685003,-2.900111,25.353334426879883,25.626049041748047,10
30960.00050000001,3.684467,-2.900104,25.124170303344727,25.739356994628906,10
31020.000199999995,3.683996,-2.900118,25.256567001342773,25.84307098388672,10
31080.00009999999,3.683507,-2.900123,25.327964782714844,25.736175537109375,10
31140.00009999999,3.682987,-2.900128,25.19789695739746,25.784475326538086,10
31200.000000000015,3.682478,-2.900146,25.346986770629883,25.626834869384766,10
31260.000400000004,3.682008,-2.900128,25.433380126953125,25.71239471435547,10
31320.000400000004,3.68151,-2.900089,25.359691619873047,25.678312301635742,10
31380.0003,3.680996,-2.900121,25.444435119628906,25.761484146118164,10
31440.0003,3.680514,-2.900106,25.333494186401367,25.727439880371094,10
31500.000400000004,3.680046,-2.900143,25.23594093322754,25.765443801879883,10
31560.00050000001,3.679585,-2.900116,25.21217155456543,25.862886428833008,10
31620.000199999995,3.679121,-2.900113,25.23594093322754,25.836729049682617,10
31680.000000000015,3.678613,-2.900144,25.232017517089844,25.832807540893555,10
31740.000000000015,3.678178,-2.900132,25.214567184448242,25.793994903564453,10
31800.00050000001,3.677701,-2.900127,25.34697914123535,25.8193302154541,10
31860.0003,3.677253,-2.900114,25.3636417388916,25.629220962524414,10
31920.00009999999,3.676759,-2.900142,25.256567001342773,25.864452362060547,10
31980.00050000001,3.676321,-2.900133,25.351736068725586,25.68149757385254,10
32040.00009999999,3.675887,-2.900133,25.420684814453125,25.671968460083008,10
32100.000400000004,3.675396,-2.900144,25.197946548461914,25.813039779663086,10
32160.000199999995,3.674977,-2.900122,25.257389068603516,25.824865341186523,10
32220.000000000015,3.674523,-2.900154,25.262128829956055,25.72348976135254,10
32280.000400000004,3.674051,-2.900111,25.339067459106445,25.664875030517578,10
32340.0003,3.673637,-2.900126,25.247859954833984,25.747270584106445,10
32400.000000000015,3.673202,-2.900132,25.20821762084961,25.773395538330078,10
32460.000199999995,3.672771,-2.90012,25.3509464263916,25.68783950805664,10
32520.00009999999,3.672306,-2.900123,25.38422393798828,25.792387008666992,10
32580.000199999995,3.671859,-2.900114,25.41436004638672,25.822494506835938,10
32640.000199999995,3.671424,-2.900115,25.32396697998047,25.8034725189209,10
32700.000199999995,3.671052,-2.900119,25.389787673950195,25.769432067871094,10
32760.000000000015,3.670612,-2.900146,25.209787368774414,25.803478240966797,10
32820.00050000001,3.67017,-2.900141,25.242328643798828,25.77895164489746,10
32880.000400000004,3.669745,-2.900114,25.400066375732422,25.637100219726562,10
32940.000400000004,3.66933,-2.900111,25.34062957763672,25.79873275756836,10
33000.000000000015,3.668946,-2.900136,25.40167999267578,25.645845413208008,10
33060.000199999995,3.668498,-2.900128,25.24629783630371,25.80430030822754,10
33120.000400000004,3.668106,-2.900133,25.27005386352539,25.727439880371094,10
33180.0003,3.667676,-2.900102,25.38819122314453,25.85179901123047,10
33240.0003,3.667264,-2.900121,25.235193252563477,25.858112335205078,10
33300.000600000014,3.666889,-2.900114,25.203468322753906,25.80352783203125,10
33360.000000000015,3.666451,-2.900128,25.37314224243164,25.652976989746094,10
33420.000400000004,3.666049,-2.900154,25.19394302368164,25.794780731201172,10
33480.00050000001,3.66565,-2.900103,25.383447647094727,25.641881942749023,10
33540.00009999999,3.66528,-2.900085,25.153520584106445,25.704504013061523,10
33600.000199999995,3.664871,-2.900119,25.278799057006836,25.808252334594727,10
33660.00009999999,3.664466,-2.900137,25.165390014648438,25.68783950805664,10
33720.00050000001,3.664018,-2.900081,25.276411056518555,25.713186264038086,10
33780.000000000015,3.663648,-2.900115,25.338285446166992,25.575349807739258,10
33840.000400000004,3.663283,-2.900112,25.278785705566406,25.80824089050293,10
33900.0003,3.662881,-2.900143,25.210603713989258,25.818552017211914,10
33960.000000000015,3.662482,-2.900121,25.263704299926758,25.84307098388672,10
34020.000199999995,3.662081,-2.900146,25.358854293823242,25.767038345336914,10
34080.000199999995,3.661754,-2.9001,25.355690002441406,25.568994522094727,10
34140.00050000001,3.66135,-2.900114,25.25021743774414,25.81220054626465,10
34200.0003,3.660967,-2.900155,25.207429885864258,25.75278663635254,10
34260.000400000004,3.660606,-2.90013,25.23279571533203,25.742488861083984,10
34320.00050000001,3.660233,-2.900097,25.20821189880371,25.816160202026367,10
34380.000000000015,3.659864,-2.900132,25.427810668945312,25.6933536529541,10
34440.000000000015,3.659481,-2.900151,25.443653106689453,25.680665969848633,10
34500.000400000004,3.659118,-2.900101,25.19472312927246,25.809816360473633,10
34560.000199999995,3.658736,-2.900103,25.232763290405273,25.833555221557617,10
34620.00009999999,3.658365,-2.900144,25.26530647277832,25.780515670776367,10
34680.000000000015,3.657989,-2.900097,25.20343017578125,25.74722671508789,10
34740.000199999995,3.657629,-2.90013,25.323177337646484,25.73139190673828,10
34800.000199999995,3.657267,-2.90011,25.3572940826416,25.622875213623047,10
34860.000400000004,3.656947,-2.900145,25.17095947265625,25.807472229003906,10
34920.000400000004,3.656525,-2.900145,25.338245391845703,25.589574813842773,10
34980.00009999999,3.656195,-2.900127,25.276365280151367,25.898483276367188,10
35040.00050000001,3.655856,-2.900165,25.200254440307617,25.701276779174805,10
35100.00009999999,3.655476,-2.900159,25.244693756103516,25.84545135498047,10
35160.0003,3.655118,-2.900166,25.190759658813477,25.759918212890625,10
35220.0003,3.654793,-2.900136,25.21377944946289,25.730619430541992,10
35280.000000000015,3.654449,-2.900145,25.298603057861328,25.678319931030273,10
35340.000400000004,3.65407,-2.900115,25.300209045410156,25.58721923828125,10
35400.0003,3.653738,-2.900144,25.266088485717773,25.745651245117188,10
35460.000199999995,3.653375,-2.900121,25.385047912597656,25.622089385986328,10
35520.000400000004,3.653054,-2.90013,25.185230255126953,25.786081314086914,10
35580.00009999999,3.652704,-2.900135,25.328752517700195,25.594348907470703,10
35640.000400000004,3.652347,-2.900163,25.275585174560547,25.76226806640625,10
35700.0003,3.65203,-2.900098,25.236722946166992,25.816123962402344,10
35760.000199999995,3.651649,-2.900164,25.391359329223633,25.64266014099121,10
35820.00009999999,3.651326,-2.900146,25.251033782958984,25.85179901123047,10
35880.00009999999,3.650974,-2.900146,25.320005416870117,25.78525733947754,10
35940.000000000015,3.650639,-2.900134,25.465051651000977,25.72344207763672,10
36000.000199999995,3.650334,-2.90013,25.262128829956055,25.835941314697266,10
36060.000400000004,3.649986,-2.900152,25.367563247680664,25.591176986694336,10
36120.000199999995,3.649667,-2.900148,25.271625518798828,25.57453155517578,10
36180.000000000015,3.649336,-2.900139,25.247037887573242,25.79791259765625,10
36240.000000000015,3.648957,-2.900128,25.240680694580078,25.798690795898438,10
36300.00050000001,3.648668,-2.900166,25.214553833007812,25.879520416259766,10
36360.0003,3.648322,-2.90018,25.446828842163086,25.669578552246094,10
36420.0003,3.647992,-2.900162,25.431774139404297,25.704442977905273,10
36480.000000000015,3.647662,-2.900161,25.369953155517578,25.71396255493164,10
36540.000000000015,3.647313,-2.900119,25.246252059936523,25.79712677001953,10
36600.000600000014,3.647019,-2.900162,25.39057159423828,25.663265228271484,10
36660.00050000001,3.646698,-2.900112,25.401630401611328,25.724227905273438,10
36720.000000000015,3.646361,-2.900122,25.22323226928711,25.86680030822754,10
36780.00009999999,3.646026,-2.900112,25.235118865966797,25.857288360595703,10
36840.000000000015,3.645743,-2.900141,25.247817993164062,25.812950134277344,10
36900.000400000004,3.645439,-2.900137,25.253385543823242,25.807390213012695,10
36960.000400000004,3.645093,-2.900109,25.435731887817383,25.64900779724121,10
37020.00009999999,3.644754,-2.900103,25.2620906829834,25.8525447845459,10
37080.00009999999,3.64447,-2.900165,25.253381729125977,25.87078857421875,10
37140.000400000004,3.644157,-2.900128,25.30808448791504,25.88739776611328,10
37200.00009999999,3.643823,-2.900147,25.438905715942383,25.70444107055664,10
37260.000400000004,3.643517,-2.900133,25.41351318359375,25.707582473754883,10
37320.00009999999,3.643171,-2.900133,25.229581832885742,25.794734954833984,10
37380.000400000004,3.642868,-2.900139,25.434158325195312,25.656911849975586,10
37440.000000000015,3.642571,-2.900212,25.152673721313477,25.45404052734375,10
37500.000199999995,3.642225,-2.900143,25.224834442138672,25.797122955322266,10
37560.000400000004,3.641943,-2.900158,25.231151580810547,25.76066017150879,10
37620.000000000015,3.641638,-2.900186,25.423032760620117,25.652923583984375,10
37680.000199999995,3.641345,-2.90017,25.35881996154785,25.7099666595459,10
37740.0003,3.640984,-2.900154,25.204994201660156,25.784433364868164,10
37800.00009999999,3.640689,-2.900164,25.40876579284668,25.645793914794922,10
37860.000400000004,3.640377,-2.900145,25.23036766052246,25.806604385375977,10
37920.000000000015,3.640073,-2.90015,25.338199615478516,25.65688133239746,10
37980.000199999995,3.639756,-2.900162,25.19153594970703,25.781261444091797,10
38040.000199999995,3.639461,-2.900151,25.412723541259766,25.702838897705078,10
38100.000400000004,3.639141,-2.900126,25.20342445373535,25.754348754882812,10
38160.00050000001,3.638853,-2.900126,25.330278396606445,25.702838897705078,10
38220.00009999999,3.638544,-2.900142,25.35008430480957,25.75114631652832,10
38280.000199999995,3.638254,-2.900144,25.369915008544922,25.713926315307617,10
38340.00050000001,3.637922,-2.900136,25.371488571166992,25.61566925048828,10
38400.000000000015,3.637664,-2.900147,25.420623779296875,25.707561492919922,10
38460.0003,3.637296,-2.900152,25.40797996520996,25.630746841430664,10
38520.000400000004,3.636985,-2.900146,25.25018310546875,25.858078002929688,10
38580.000000000015,3.636706,-2.900156,25.46662712097168,25.710756301879883,10
38640.000400000004,3.636394,-2.900129,25.42143440246582,25.629932403564453,10
38700.00009999999,3.636076,-2.900136,25.36594009399414,25.75986099243164,10
38760.000000000015,3.635764,-2.900136,25.341352462768555,25.763809204101562,10
38820.000199999995,3.635444,-2.900133,25.223236083984375,25.743228912353516,10
38880.00050000001,3.635141,-2.900108,25.36756134033203,25.60219383239746,10
38940.000400000004,3.63488,-2.900165,25.313615798950195,25.59188461303711,10
39000.000400000004,3.634555,-2.900149,25.254928588867188,25.72816276550293,10
39060.000000000015,3.634274,-2.900137,25.426969528198242,25.678251266479492,10
39120.000199999995,3.633948,-2.90013,25.248586654663086,25.756685256958008,10
39180.000000000015,3.63366,-2.900135,25.1962890625,25.740093231201172,10
39240.000400000004,3.633317,-2.900156,25.376249313354492,25.755901336669922,10
39300.000000000015,3.633047,-2.900141,25.484045028686523,25.685386657714844,10
39360.000000000015,3.632724,-2.900141,25.28505516052246,25.77885627746582,10
39420.000199999995,3.632411,-2.900118,25.241443634033203,25.806583404541016,10
39480.00009999999,3.632107,-2.900162,25.430145263671875,25.667165756225586,10
39540.000600000014,3.631802,-2.900145,25.34373664855957,25.74480438232422,10
39600.000400000004,3.631513,-2.900136,25.345321655273438,25.860445022583008,10
39660.000400000004,3.631207,-2.900126,25.369102478027344,25.627548217773438,10
39720.00009999999,3.630892,-2.90014,25.465036392211914,25.70203971862793,10
39780.000000000015,3.630584,-2.900163,25.37386131286621,25.62281036376953,10
39840.0003,3.630291,-2.900149,25.273168563842773,25.86203956604004,10
39900.00050000001,3.629941,-2.900147,25.41191864013672,25.70597267150879,10
39960.0003,3.629636,-2.900157,25.239871978759766,25.776498794555664,10
40020.000000000015,3.629321,-2.900118,25.357229232788086,25.708377838134766,10
40080.0003,3.629048,-2.900137,25.396039962768555,25.647336959838867,10
40140.000199999995,3.628693,-2.900143,25.35087776184082,25.680639266967773,10
40200.000199999995,3.628395,-2.900135,25.383378982543945,25.656076431274414,10
40260.0003,3.628087,-2.900142,25.22797966003418,25.707578659057617,10
40320.00050000001,3.627784,-2.90015,25.286663055419922,25.78046226501465,10
40380.000199999995,3.627461,-2.900158,25.320758819580078,25.69332504272461,10
40440.000199999995,3.627162,-2.900153,25.285865783691406,25.722631454467773,10
40500.00050000001,3.626812,-2.90014,25.418243408203125,25.676658630371094,10
40560.000199999995,3.626536,-2.900144,25.378633499145508,25.701248168945312,10
40620.0003,3.6262,-2.900125,25.238277435302734,25.810550689697266,10
40680.000400000004,3.62587,-2.900116,25.354047775268555,25.760665893554688,10
40740.00009999999,3.625541,-2.900116,25.24223518371582,25.72736167907715,10
40800.000400000004,3.625243,-2.900126,25.384166717529297,25.79390525817871,10
40860.0003,3.624943,-2.900119,25.447593688964844,25.654491424560547,10
40920.00050000001,3.624604,-2.900123,25.434898376464844,25.579208374023438,10
40980.000400000004,3.624328,-2.90013,25.26921272277832,25.763031005859375,10
41040.0003,3.623997,-2.900116,25.408748626708984,25.681432723999023,10
41100.00009999999,3.623645,-2.900106,25.33897590637207,25.73291778564453,10
41160.00009999999,3.623326,-2.900148,25.391315460205078,25.63548469543457,10
41220.00050000001,3.623002,-2.900149,25.254940032958984,25.812931060791016,10
41280.000000000015,3.622678,-2.900097,25.271583557128906,25.7796573638916,10
41340.000199999995,3.622349,-2.90014,25.297746658325195,25.80579376220703,10
41400.00009999999,3.622026,-2.900143,25.269203186035156,25.85569190979004,10
41460.00009999999,3.621681,-2.900146,25.292190551757812,25.550674438476562,10
41520.000199999995,3.621353,-2.900146,25.22875213623047,25.758258819580078,10
41580.000000000015,3.621028,-2.900159,25.235103607177734,25.764602661132812,10
41640.000400000004,3.620709,-2.900132,25.300128936767578,25.80817413330078,10
41700.000199999995,3.620381,-2.900135,25.432531356811523,25.751142501831055,10
41760.000000000015,3.620068,-2.900182,25.33422088623047,25.79945945739746,10
41820.000000000015,3.619727,-2.900127,25.415870666503906,25.766193389892578,10
41880.000400000004,3.619417,-2.900136,25.288217544555664,25.78201675415039,10
41940.000000000015,3.619066,-2.900152,25.336593627929688,25.680627822875977,10
42000.000000000015,3.61875,-2.900144,25.473735809326172,25.66082191467285,10
42060.0003,3.618401,-2.900154,25.393686294555664,25.751935958862305,10
42120.000400000004,3.618049,-2.900144,25.438068389892578,25.71073341369629,10
42180.0003,3.617744,-2.90013,25.308856964111328,25.824018478393555,10
42240.0003,3.617377,-2.900098,25.353246688842773,25.6616153717041,10
42300.0003,3.617057,-2.900118,25.29139518737793,25.742416381835938,10
42360.000400000004,3.616728,-2.900141,25.269203186035156,25.81292152404785,10
42420.000199999995,3.61639,-2.900161,25.292205810546875,25.771743774414062,10
42480.000000000015,3.616032,-2.900126,25.39210319519043,25.636272430419922,10
42540.000199999995,3.615703,-2.900097,25.354049682617188,25.72658920288086,10
42600.000400000004,3.615359,-2.900136,25.206552505493164,25.82162857055664,10
42660.000000000015,3.615017,-2.900106,25.315176010131836,25.744794845581055,10
42720.0003,3.614688,-2.900132,25.337400436401367,25.799448013305664,10
42780.00009999999,3.614346,-2.900135,25.32233238220215,25.782825469970703,10
42840.0003,3.613977,-2.900149,25.46105194091797,25.698055267333984,10
42900.00009999999,3.613643,-2.900143,25.341358184814453,25.756685256958008,10
42960.00009999999,3.613291,-2.900126,25.277917861938477,25.843013763427734,10
43020.000199999995,3.612959,-2.900132,25.31439781188965,25.89370346069336,10
43080.000400000004,3.612565,-2.900141,25.260467529296875,25.811325073242188,10
43140.00050000001,3.612238,-2.900128,25.292192459106445,25.757469177246094,10
43200.000000000015,3.6119,-2.900117,25.434110641479492,25.649736404418945,10
43260.000199999995,3.611532,-2.900114,25.304088592529297,25.819255828857422,10
43320.0003,3.611204,-2.900109,25.255712509155273,25.77806282043457,10
43380.00009999999,3.610843,-2.900151,25.258085250854492,25.823204040527344,10
43440.000199999995,3.610443,-2.900108,25.37703514099121,25.820844650268555,10
43500.0003,3.610086,-2.90011,25.446001052856445,25.61883544921875,10
43560.0003,3.609718,-2.900113,25.41189956665039,25.71946144104004,10
43620.00009999999,3.609378,-2.900135,25.330249786376953,25.814498901367188,10
43680.00009999999,3.609008,-2.900108,25.479293823242188,25.732919692993164,10
43740.000400000004,3.608611,-2.900129,25.364362716674805,25.858083724975586,10
43800.000000000015,3.608261,-2.900115,25.498329162597656,25.685405731201172,10
43860.000199999995,3.607882,-2.900144,25.297760009765625,25.848575592041016,10
43920.000400000004,3.607467,-2.900109,25.332626342773438,25.85489273071289,10
43980.000000000015,3.607111,-2.9001,25.450759887695312,25.62359046936035,10
44040.000199999995,3.60676,-2.900126,25.47533416748047,25.7052001953125,10
44100.00050000001,3.606377,-2.900144,25.43805503845215,25.696462631225586,10
44160.00009999999,3.605986,-2.900148,25.445219039916992,25.646575927734375,10
44220.00009999999,3.605625,-2.900157,25.34214210510254,25.871524810791016,10
44280.0003,3.605218,-2.900128,25.39923667907715,25.77174186706543,10
44340.000000000015,3.604858,-2.900123,25.37306022644043,25.888153076171875,10
44400.00009999999,3.60447,-2.900129,25.45313262939453,25.83272361755371,10
44460.000400000004,3.604027,-2.900153,25.447582244873047,25.705984115600586,10
44520.000400000004,3.603648,-2.900112,25.54189109802246,25.785999298095703,10
44580.000000000015,3.603262,-2.900132,25.526044845581055,25.75033950805664,10
44640.0003,3.602883,-2.900153,25.368322372436523,25.791547775268555,10
44700.00009999999,3.602437,-2.900166,25.37306022644043,25.909534454345703,10
44760.000000000015,3.602039,-2.900111,25.377052307128906,25.906394958496094,10
44820.000199999995,3.601644,-2.900119,25.491212844848633,25.806621551513672,10
44880.000400000004,3.601187,-2.900142,25.421424865722656,25.729747772216797,10
44940.00009999999,3.600821,-2.900139,25.40238380432129,25.717851638793945,10
45000.00050000001,3.600432,-2.900127,25.476947784423828,25.85651969909668,10
45060.00009999999,3.59999,-2.900139,25.51972770690918,25.628358840942383,10
45120.000199999995,3.599557,-2.900145,25.369915008544922,25.842248916625977,10
45180.000400000004,3.599149,-2.900128,25.430150985717773,25.80976104736328,10
45240.000000000015,3.59871,-2.900098,25.37939453125,25.844587326049805,10
45300.000199999995,3.59832,-2.90012,25.534759521484375,25.77885627746582,10
45360.00009999999,3.59789,-2.900117,25.445199966430664,25.967342376708984,10
45420.000000000015,3.597428,-2.900106,25.38811492919922,25.950735092163086,10
45480.000400000004,3.597017,-2.900119,25.510988235473633,25.869956970214844,10
45540.000400000004,3.59657,-2.900101,25.429357528686523,25.881027221679688,10
45600.000199999995,3.596164,-2.900127,25.516523361206055,25.70676612854004,10
45660.000199999995,3.595745,-2.900149,25.434110641479492,25.749555587768555,10
45720.00050000001,3.595296,-2.900128,25.46738624572754,25.754295349121094,10
45780.000199999995,3.59487,-2.900133,25.492761611938477,25.88657569885254,10
45840.000199999995,3.594396,-2.900133,25.403194427490234,25.868362426757812,10
45900.000000000015,3.593985,-2.900139,25.445219039916992,25.77491569519043,10
45960.00009999999,3.593529,-2.900145,25.40079689025879,25.816076278686523,10
46020.000000000015,3.593062,-2.900125,25.522090911865234,25.616458892822266,10
46080.00009999999,3.592637,-2.900129,25.35801124572754,25.823225021362305,10
46140.0003,3.592214,-2.900147,25.558549880981445,25.724212646484375,10
46200.000600000014,3.591715,-2.900135,25.509403228759766,25.682212829589844,10
46260.00009999999,3.591301,-2.900141,25.56014633178711,25.87550926208496,10
46320.000600000014,3.590838,-2.900129,25.41588592529297,25.930932998657227,10
46380.00009999999,3.590361,-2.900132,25.410314559936523,25.894481658935547,10
46440.0003,3.589966,-2.900146,25.498348236083984,25.856483459472656,10
46500.0003,3.589501,-2.900122,25.447580337524414,25.868350982666016,10
46560.000199999995,3.589048,-2.900105,25.567277908325195,25.784420013427734,10
46620.0003,3.588582,-2.900134,25.542709350585938,25.78679847717285,10
46680.00050000001,3.588096,-2.900113,25.567277908325195,25.761455535888672,10
46740.000000000015,3.58767,-2.900118,25.53871726989746,25.697256088256836,10
46800.00050000001,3.587199,-2.900161,25.486406326293945,25.880226135253906,10
46860.000000000015,3.58672,-2.900129,25.4547119140625,25.777273178100586,10
46920.000000000015,3.586278,-2.900084,25.602121353149414,25.746381759643555,10
46980.00009999999,3.585786,-2.900114,25.625892639160156,25.67032814025879,10
47040.0003,3.585315,-2.900129,25.55301284790039,25.740068435668945,10
47100.00009999999,3.584899,-2.90012,25.514183044433594,25.75115966796875,10
47160.0003,3.584382,-2.900126,25.648107528686523,25.770965576171875,10
47220.000000000015,3.583957,-2.900161,25.511001586914062,25.862035751342773,10
47280.000000000015,3.583457,-2.900118,25.601360321044922,25.688581466674805,10
47340.00050000001,3.582976,-2.900141,25.457902908325195,25.770145416259766,10
47400.00009999999,3.582503,-2.900126,25.42144203186035,25.800241470336914,10
47460.00009999999,3.582067,-2.900121,25.60133934020996,25.86127281188965,10
47520.0003,3.581567,-2.900087,25.594207763671875,25.68776512145996,10
47580.0003,3.581109,-2.90012,25.494354248046875,25.888166427612305,10
47640.000000000015,3.580614,-2.900073,25.483253479003906,25.95547103881836,10
47700.0003,3.580132,-2.900134,25.66554069519043,25.781267166137695,10
47760.00009999999,3.579671,-2.900122,25.612462997436523,25.79949378967285,10
47820.00009999999,3.579205,-2.900125,25.490379333496094,25.86281394958496,10
47880.0003,3.578689,-2.900119,25.430150985717773,25.909549713134766,10
47940.000000000015,3.578245,-2.90013,25.660770416259766,25.726591110229492,10
48000.000000000015,3.577736,-2.90013,25.48326301574707,25.791547775268555,10
48060.00009999999,3.577297,-2.900129,25.598947525024414,25.736080169677734,10
48120.0003,3.576792,-2.900163,25.517333984375,25.825597763061523,10
48180.000000000015,3.576328,-2.900126,25.445999145507812,25.825597763061523,10
48240.000400000004,3.575867,-2.900123,25.60295867919922,25.932544708251953,10
48300.000000000015,3.575375,-2.900107,25.470563888549805,25.702821731567383,10
48360.0003,3.574873,-2.900119,25.668678283691406,25.692535400390625,10
48420.000199999995,3.574394,-2.900136,25.505462646484375,25.873130798339844,10
48480.00050000001,3.573911,-2.900159,25.505468368530273,25.88501739501953,10
48540.000000000015,3.573417,-2.900108,25.73841667175293,25.79709815979004,10
48600.000000000015,3.572925,-2.900135,25.632246017456055,25.7408504486084,10
48660.00050000001,3.572454,-2.900153,25.65921401977539,25.72503662109375,10
48720.0003,3.571952,-2.900157,25.598987579345703,25.83592414855957,10
48780.000199999995,3.571486,-2.900149,25.50388526916504,25.911945343017578,10
48840.000000000015,3.571026,-2.900166,25.49039649963379,25.884212493896484,10
48900.00050000001,3.5705,-2.90014,25.571237564086914,25.708377838134766,10
48960.000400000004,3.57,-2.900147,25.63937759399414,25.6196346282959,10
49020.000199999995,3.569539,-2.900142,25.472156524658203,25.78757667541504,10
49080.000400000004,3.569026,-2.900118,25.460268020629883,25.797082901000977,10
49140.000400000004,3.568554,-2.900132,25.483264923095703,25.86996078491211,10
49200.000000000015,3.56809,-2.900136,25.62353515625,25.71155548095703,10
49260.000199999995,3.567586,-2.900113,25.56171417236328,25.885818481445312,10
49320.0003,3.567108,-2.900141,25.656015396118164,25.631500244140625,10
49380.00050000001,3.566598,-2.900135,25.477712631225586,25.843830108642578,10
49440.000199999995,3.566179,-2.900114,25.50864028930664,25.759878158569336,10
49500.00050000001,3.565666,-2.900136,25.663145065307617,25.629140853881836,10
49560.00009999999,3.56517,-2.900139,25.57042121887207,25.67190933227539,10
49620.00009999999,3.564702,-2.900146,25.55617332458496,25.743227005004883,10
49680.000000000015,3.564155,-2.900133,25.555408477783203,25.635507583618164,10
49740.000400000004,3.563673,-2.90014,25.637840270996094,25.85337257385254,10
49800.00009999999,3.563208,-2.900143,25.5316219329834,25.85413360595703,10
49860.00050000001,3.562761,-2.900144,25.50865936279297,25.795543670654297,10
49920.00050000001,3.562219,-2.900142,25.660795211791992,25.82642364501953,10
49980.000199999995,3.561707,-2.900133,25.572019577026367,25.70915985107422,10
50040.000400000004,3.561233,-2.900149,25.592683792114258,25.893770217895508,10
50100.00009999999,3.560721,-2.900142,25.65447425842285,25.82723045349121,10
50160.00009999999,3.560234,-2.900145,25.64495086669922,25.68781852722168,10
50220.0003,3.559755,-2.900109,25.50231170654297,25.85095977783203,10
50280.00009999999,3.559224,-2.900116,25.545879364013672,25.815340042114258,10
50340.000400000004,3.558736,-2.900104,25.546714782714844,25.87556266784668,10
50400.000199999995,3.558254,-2.900121,25.570480346679688,25.793174743652344,10
50460.00009999999,3.5577,-2.900133,25.687755584716797,25.65375328063965,10
50520.000000000015,3.557194,-2.90012,25.503082275390625,25.78997039794922,10
50580.000000000015,3.556715,-2.900126,25.701995849609375,25.646602630615234,10
50640.000400000004,3.556194,-2.900118,25.622013092041016,25.8874454498291,10
50700.0003,3.555663,-2.900143,25.698890686035156,25.814607620239258,10
50760.00050000001,3.555139,-2.900173,25.675861358642578,25.784454345703125,10
50820.000400000004,3.554613,-2.900177,25.70438003540039,25.74167823791504,10
50880.00050000001,3.554087,-2.900136,25.646533966064453,25.805036544799805,10
50940.000199999995,3.553533,-2.900149,25.693275451660156,25.6806640625,10
51000.0003,3.552994,-2.900165,25.489639282226562,25.85494613647461,10
51060.000400000004,3.552489,-2.900101,25.7217960357666,25.687793731689453,10
51120.0003,3.55193,-2.900121,25.575244903564453,25.8470516204834,10
51180.00050000001,3.551381,-2.900142,25.702821731567383,25.68146514892578,10
51240.00050000001,3.550823,-2.90011,25.657623291015625,25.754379272460938,10
51300.00050000001,3.550267,-2.900141,25.561765670776367,25.839866638183594,10
51360.000199999995,3.549703,-2.900154,25.566518783569336,25.75356674194336,10
51420.000000000015,3.549107,-2.900122,25.49043083190918,25.74167823791504,10
51480.000000000015,3.548578,-2.900142,25.681425094604492,25.67594337463379,10
51540.00050000001,3.547991,-2.900145,25.683015823364258,25.691797256469727,10
51600.00009999999,3.547376,-2.90011,25.585552215576172,25.601465225219727,10
51660.00050000001,3.546791,-2.900125,25.702821731567383,25.64029884338379,10
51720.000400000004,3.546186,-2.900137,25.579221725463867,25.85893440246582,10
51780.000400000004,3.545611,-2.900146,25.62758445739746,25.45805549621582,10
51840.000400000004,3.545028,-2.900106,25.61644172668457,25.66800880432129,10
51900.000400000004,3.544422,-2.900121,25.52214241027832,25.61651039123535,10
51960.0003,3.543799,-2.900132,25.506288528442383,25.743268966674805,10
52020.000199999995,3.543161,-2.900103,25.6600399017334,25.647428512573242,10
52080.000199999995,3.542569,-2.900136,25.49678611755371,25.796348571777344,10
52140.000000000015,3.541973,-2.900151,25.58078384399414,25.72585678100586,10
52200.0003,3.541338,-2.900156,25.499149322509766,25.8533935546875,10
52260.0003,3.540686,-2.900144,25.687755584716797,25.65375328063965,10
52320.00050000001,3.540067,-2.900095,25.517398834228516,25.83991813659668,10
52380.000199999995,3.539467,-2.900155,25.710784912109375,25.9049015045166,10
52440.000400000004,3.538782,-2.900152,25.652122497558594,25.668033599853516,10
52500.000000000015,3.538141,-2.900141,25.557018280029297,25.67276954650879,10
52560.0003,3.537484,-2.900155,25.68220329284668,25.705242156982422,10
52620.00009999999,3.53684,-2.900127,25.66168212890625,25.677593231201172,10
52680.0003,3.536218,-2.900136,25.680644989013672,25.703685760498047,10
52740.00009999999,3.535511,-2.900129,25.539636611938477,25.66252326965332,10
52800.000000000015,3.534851,-2.900136,25.668750762939453,25.677532196044922,10
52860.00050000001,3.534214,-2.900151,25.5880069732666,25.924732208251953,10
52920.00009999999,3.533509,-2.900185,25.476186752319336,25.777347564697266,10
52980.0003,3.532847,-2.90013,25.567354202270508,25.8597412109375,10
53040.000000000015,3.532183,-2.900155,25.65367889404297,25.684690475463867,10
53100.00050000001,3.531446,-2.900144,25.64579963684082,25.74964141845703,10
53160.000400000004,3.530802,-2.900126,25.679086685180664,25.68705940246582,10
53220.00009999999,3.530105,-2.900166,25.590309143066406,25.74883270263672,10
53280.00009999999,3.529418,-2.900129,25.6711483001709,25.715579986572266,10
53340.00009999999,3.528739,-2.900103,25.51422119140625,25.722681045532227,10
53400.000400000004,3.528034,-2.900177,25.572898864746094,25.81697654724121,10
53460.000199999995,3.527308,-2.900155,25.53567886352539,25.893823623657227,10
53520.0003,3.526616,-2.900162,25.664794921875,25.637924194335938,10
53580.000600000014,3.525873,-2.900157,25.553871154785156,25.847854614257812,10
53640.000000000015,3.525216,-2.900133,25.681453704833984,25.72588539123535,10
53700.0003,3.524465,-2.90016,25.522947311401367,25.702880859375,10
53760.0003,3.523754,-2.900154,25.709196090698242,25.689456939697266,10
53820.000400000004,3.523035,-2.900165,25.559412002563477,25.874774932861328,10
53880.0003,3.522304,-2.900179,25.69889259338379,25.707672119140625,10
53940.000400000004,3.521535,-2.900125,25.66162109375,25.67201805114746,10
54000.000400000004,3.520882,-2.900149,25.631540298461914,25.863693237304688,10
54060.00009999999,3.520151,-2.900151,25.690143585205078,25.697362899780273,10
54120.000000000015,3.519402,-2.900162,25.498394012451172,25.860551834106445,10
54180.0003,3.518666,-2.900108,25.681453704833984,25.733013153076172,10
54240.0003,3.517907,-2.900126,25.70365333557129,25.76947021484375,10
54300.000000000015,3.517212,-2.900134,25.697301864624023,25.741731643676758,10
54360.000199999995,3.516459,-2.900129,25.568973541259766,25.820180892944336,10
54420.000400000004,3.515714,-2.900114,25.576852798461914,25.835182189941406,10
54480.00050000001,3.514996,-2.90016,25.587190628051758,25.73858642578125,10
54540.00009999999,3.514256,-2.900142,25.50316047668457,25.83994483947754,10
54600.000000000015,3.513501,-2.900148,25.57208824157715,25.63079261779785,10
54660.0003,3.5128,-2.900119,25.761503219604492,25.70611572265625,10
54720.00009999999,3.512025,-2.900139,25.692569732666016,25.722740173339844,10
54780.0003,3.511228,-2.900135,25.65212059020996,25.782108306884766,10
54840.00050000001,3.510472,-2.900095,25.577665328979492,25.857378005981445,10
54900.000199999995,3.509711,-2.900135,25.53331184387207,25.806669235229492,10
54960.000000000015,3.508999,-2.900145,25.663240432739258,25.879568099975586,10
55020.0003,3.508193,-2.900153,25.706022262573242,25.725107192993164,10
55080.0003,3.507482,-2.900099,25.66249656677246,25.908048629760742,10
55140.000400000004,3.506671,-2.900147,25.51188087463379,25.898555755615234,10
55200.00009999999,3.505946,-2.900109,25.67905616760254,25.687837600708008,10
55260.000199999995,3.505188,-2.900135,25.569719314575195,25.771026611328125,10
55320.000000000015,3.504412,-2.900093,25.511075973510742,25.940509796142578,10
55380.000000000015,3.503688,-2.900116,25.706052780151367,25.764739990234375,10
55440.000400000004,3.502919,-2.900129,25.52375030517578,25.78923797607422,10
55500.0003,3.502199,-2.900162,25.491262435913086,25.828054428100586,10
55560.000000000015,3.501458,-2.900107,25.511075973510742,25.83359718322754,10
55620.00050000001,3.500742,-2.900157,25.616464614868164,25.717945098876953,10
55680.00009999999,3.499989,-2.900145,25.644990921020508,25.703685760498047,10
55740.000400000004,3.499341,-2.900133,25.530881881713867,25.817750930786133,10
55800.0003,3.498591,-2.90013,25.65847396850586,25.75281524658203,10
55860.000000000015,3.497881,-2.900132,25.557018280029297,25.771835327148438,10
55920.00009999999,3.497194,-2.90016,25.641035079956055,25.735382080078125,10
55980.000199999995,3.496475,-2.900122,25.59429359436035,25.920713424682617,10
56040.000400000004,3.495766,-2.900126,25.548322677612305,25.838359832763672,10
56100.0003,3.495111,-2.900105,25.490453720092773,25.79873275756836,10
56160.000199999995,3.494432,-2.900137,25.42943000793457,25.57374382019043,10
56220.000400000004,3.493776,-2.90013,25.522972106933594,25.838359832763672,10
56280.000000000015,3.493093,-2.900154,25.538013458251953,25.896156311035156,10
56340.000199999995,3.492404,-2.900116,25.58003044128418,25.759944915771484,10
56400.000199999995,3.491769,-2.900109,25.682233810424805,25.726665496826172,10
56460.000199999995,3.491108,-2.900142,25.524559020996094,25.761533737182617,10
56520.000400000004,3.490457,-2.900136,25.665605545043945,25.667255401611328,10
56580.000000000015,3.489808,-2.900112,25.457962036132812,25.851804733276367,10
56640.0003,3.489173,-2.900126,25.59743881225586,25.656139373779297,10
56700.000400000004,3.488565,-2.900113,25.503131866455078,25.697336196899414,10
56760.000400000004,3.487926,-2.900134,25.6497859954834,25.736997604370117,10
56820.00050000001,3.487314,-2.900143,25.582399368286133,25.889808654785156,10
56880.0003,3.486681,-2.900135,25.508705139160156,25.694162368774414,10
56940.00009999999,3.486112,-2.90012,25.507925033569336,25.82567024230957,10
57000.000400000004,3.485528,-2.900159,25.53167152404785,25.904069900512695,10
57060.000000000015,3.484926,-2.900129,25.560222625732422,25.70449447631836,10
57120.0003,3.484386,-2.900142,25.484939575195312,25.878759384155273,10
57180.0003,3.483795,-2.900136,25.449241638183594,25.807451248168945,10
57240.00009999999,3.483262,-2.900139,25.518207550048828,25.797956466674805,10
57300.000000000015,3.482715,-2.900141,25.46350860595703,25.721900939941406,10
57360.0003,3.482157,-2.900129,25.526147842407227,25.85578727722168,10
57420.00009999999,3.481629,-2.900139,25.480173110961914,25.902509689331055,10
57480.000400000004,3.481111,-2.900126,25.54832649230957,25.863697052001953,10
57540.00009999999,3.480599,-2.900133,25.51344108581543,25.679119110107422,10
57600.00050000001,3.480084,-2.900155,25.56175994873047,25.62046241760254,10
57660.000000000015,3.479578,-2.90014,25.561784744262695,25.698925018310547,10
57720.00009999999,3.479106,-2.900114,25.526926040649414,25.691791534423828,10
57780.000199999995,3.47859,-2.900145,25.585575103759766,25.647451400756836,10
57840.0003,3.478107,-2.900144,25.58003044128418,25.8241024017334,10
57900.000199999995,3.477616,-2.900155,25.470670700073242,25.8890323638916,10
57960.000199999995,3.477164,-2.900137,25.602270126342773,25.73940086364746,10
58020.00009999999,3.476648,-2.900118,25.565767288208008,25.68864631652832,10
58080.000600000014,3.476182,-2.900159,25.67594337463379,25.65620231628418,10
58140.00050000001,3.4757,-2.900126,25.515056610107422,25.85183334350586,10
58200.0003,3.47521,-2.900153,25.6434326171875,25.6878662109375,10
58260.0003,3.474715,-2.900142,25.53490447998047,25.83602523803711,10
58320.000000000015,3.474235,-2.900143,25.644243240356445,25.645893096923828,10
58380.000000000015,3.473756,-2.900149,25.571340560913086,25.744129180908203,10
58440.000000000015,3.473236,-2.900166,25.531692504882812,25.668842315673828,10
58500.00009999999,3.472791,-2.900122,25.617277145385742,25.711624145507812,10
58560.00009999999,3.47226,-2.900145,25.618898391723633,25.763153076171875,10
58620.000400000004,3.471747,-2.90013,25.677536010742188,25.729095458984375,10
58680.00009999999,3.47125,-2.900153,25.53412437438965,25.89544677734375,10
58740.000000000015,3.470723,-2.900134,25.65455436706543,25.760791778564453,10
58800.000000000015,3.470191,-2.900118,25.514318466186523,25.87406349182129,10
58860.0003,3.469652,-2.900126,25.465938568115234,25.872478485107422,10
58920.000199999995,3.469108,-2.900141,25.600725173950195,25.88042640686035,10
58980.000600000014,3.468583,-2.900152,25.45329475402832,25.86139678955078,10
59040.00009999999,3.468,-2.900153,25.52940559387207,25.88042640686035,10
59100.00009999999,3.467452,-2.900143,25.685482025146484,25.69426155090332,10
59160.000400000004,3.466919,-2.900142,25.63161277770996,25.690305709838867,10
59220.00050000001,3.466321,-2.90014,25.56269645690918,25.8780574798584,10
59280.00009999999,3.465703,-2.900154,25.49850082397461,25.806777954101562,10
59340.000000000015,3.465088,-2.900128,25.477094650268555,25.771127700805664,10
59400.000199999995,3.464465,-2.900149,25.564289093017578,25.93666648864746,10
59460.00050000001,3.463813,-2.900153,25.65935707092285,25.732309341430664,10
59520.000199999995,3.46323,-2.900143,25.619749069213867,25.706968307495117,10
59580.0003,3.462559,-2.900149,25.57063865661621,25.736297607421875,10
59640.0003,3.461857,-2.90014,25.678388595581055,25.738664627075195,10
59700.000400000004,3.461233,-2.900145,25.6276912689209,25.7576847076416,10
59760.000199999995,3.460554,-2.900117,25.548429489135742,25.701431274414062,10
59820.000199999995,3.459822,-2.90013,25.477102279663086,25.8780574798584,10
59880.00009999999,3.459115,-2.900118,25.583314895629883,25.798870086669922,10
59940.00009999999,3.458386,-2.900112,25.491363525390625,25.821029663085938,10
60000.00050000001,3.457647,-2.900119,25.517499923706055,25.854272842407227,10
60060.0003,3.456889,-2.900129,25.576955795288086,25.70696258544922,10
60120.000400000004,3.456123,-2.900135,25.50562858581543,25.756868362426758,10
60180.000000000015,3.455312,-2.900166,25.482681274414062,25.62697982788086,10
60240.00050000001,3.454519,-2.900179,25.485790252685547,25.8653564453125,10
60300.0003,3.453681,-2.900149,25.59359359741211,25.802017211914062,10
60360.00050000001,3.452876,-2.900132,25.652305603027344,25.682477951049805,10
60420.000000000015,3.45199,-2.900126,25.494548797607422,25.85984992980957,10
60480.00009999999,3.451128,-2.900121,25.659399032592773,25.661046981811523,10
60540.000199999995,3.450235,-2.900141,25.548484802246094,25.799701690673828,10
60600.000400000004,3.449329,-2.900114,25.66653060913086,25.72368049621582,10
60660.0003,3.448408,-2.900122,25.617431640625,25.745887756347656,10
60720.000400000004,3.447425,-2.900132,25.570642471313477,25.835290908813477,10
60780.0003,3.446407,-2.900159,25.545331954956055,25.820308685302734,10
60840.00009999999,3.44542,-2.90016,25.581771850585938,25.597686767578125,10
60900.000199999995,3.444367,-2.900137,25.668930053710938,25.720491409301758,10
60960.000400000004,3.443277,-2.900153,25.6784725189209,25.836965560913086,10
61020.000199999995,3.442153,-2.900121,25.492961883544922,25.53740882873535,10
61080.000199999995,3.44102,-2.900116,25.468416213989258,25.89076042175293,10
61140.000199999995,3.439812,-2.900134,25.53498077392578,25.850360870361328,10
61200.000000000015,3.438578,-2.900112,25.504091262817383,25.92640495300293,10
61260.00009999999,3.437282,-2.900135,25.562746047973633,25.97788429260254,10
61320.00050000001,3.435922,-2.90014,25.684741973876953,25.7576904296875,10
61380.0003,3.434527,-2.9001,25.501680374145508,25.90974235534668,10
61440.000199999995,3.432999,-2.900148,25.485828399658203,25.851139068603516,10
61500.0003,3.431409,-2.900136,25.670480728149414,25.828977584838867,10
61560.000000000015,3.429748,-2.900126,25.658632278442383,25.717313766479492,10
61620.00009999999,3.427939,-2.900133,25.52866554260254,25.829792022705078,10
61680.000400000004,3.426048,-2.900142,25.62619972229004,25.935083389282227,10
61740.0003,3.423993,-2.900135,25.567508697509766,25.975515365600586,10
61800.0003,3.421787,-2.900121,25.619802474975586,25.821086883544922,10
61860.000199999995,3.419366,-2.900144,25.706132888793945,25.707782745361328,10
61920.00050000001,3.416802,-2.90015,25.612628936767578,25.749755859375,10
61980.000000000015,3.414024,-2.90012,25.5452938079834,25.867794036865234,10
62040.0003,3.411132,-2.900156,25.722793579101562,25.73870277404785,10
62100.0003,3.40802,-2.900143,25.690319061279297,25.72762107849121,10
62160.000199999995,3.404757,-2.900122,25.725971221923828,25.827425003051758,10
62220.0003,3.401387,-2.900174,25.577770233154297,25.85748291015625,10
62280.000000000015,3.397929,-2.900119,25.60235023498535,25.917686462402344,10
62340.00050000001,3.394281,-2.900157,25.67525291442871,25.897897720336914,10
62400.000199999995,3.39056,-2.900146,25.570642471313477,25.935888290405273,10
62460.00050000001,3.386771,-2.900092,25.763212203979492,25.847270965576172,10
62520.0003,3.382932,-2.900127,25.620559692382812,25.887596130371094,10
62580.00009999999,3.378944,-2.900114,25.80599594116211,25.795791625976562,10
62640.000199999995,3.374933,-2.900135,25.787012100219727,25.718950271606445,10
62700.00009999999,3.370804,-2.900169,25.798095703125,25.785486221313477,10
62760.000000000015,3.366567,-2.90015,25.747413635253906,25.74193572998047,10
62820.00050000001,3.362289,-2.900114,25.73552703857422,25.893999099731445,10
62880.000199999995,3.357931,-2.900142,25.815528869628906,25.681718826293945,10
62940.00050000001,3.353487,-2.900174,25.62933349609375,25.77358627319336,10
63000.000400000004,3.348901,-2.900094,25.708587646484375,25.745887756347656,10
63060.000000000015,3.344266,-2.900126,25.695100784301758,25.810819625854492,10
63120.000400000004,3.339515,-2.900084,25.70383071899414,25.840932846069336,10
63180.000400000004,3.33469,-2.900146,25.825830459594727,25.87024688720703,10
63240.000400000004,3.329764,-2.900157,25.71176528930664,25.884502410888672,10
63300.0003,3.324692,-2.900146,25.878904342651367,25.802143096923828,10
63360.000000000015,3.319588,-2.900153,25.63410758972168,25.621496200561523,10
63420.000199999995,3.31433,-2.900145,25.885208129882812,25.794973373413086,10
63480.00009999999,3.308934,-2.900146,25.80681610107422,25.831478118896484,10
63540.00009999999,3.303454,-2.90013,25.863019943237305,25.746658325195312,10
63600.00009999999,3.297864,-2.900127,25.691110610961914,25.864667892456055,10
63660.000000000015,3.29214,-2.900153,25.677709579467773,25.67222785949707,10
63720.000400000004,3.28628,-2.900156,25.912954330444336,25.78630256652832,10
63780.000400000004,3.280245,-2.900151,25.771936416625977,25.809226989746094,10
63840.000000000015,3.274132,-2.900128,25.820240020751953,25.636520385742188,10
63900.000199999995,3.267788,-2.90016,25.84250259399414,25.886917114257812,10
63960.000199999995,3.26132,-2.900158,25.809158325195312,25.775163650512695,10
64020.000199999995,3.254674,-2.900133,25.684022903442383,25.82826042175293,10
64080.000199999995,3.247944,-2.900154,25.722803115844727,25.881284713745117,10
64140.0003,3.240948,-2.900147,25.888385772705078,25.70469093322754,10
64200.0003,3.233812,-2.900141,25.69590950012207,25.86152458190918,10
64260.0003,3.226464,-2.900135,25.6966552734375,25.912160873413086,10
64320.0003,3.218896,-2.900135,25.77594566345215,25.82036781311035,10
64380.0003,3.211111,-2.900155,25.783836364746094,25.920915603637695,10
64440.000199999995,3.203056,-2.90012,25.79886817932129,25.786258697509766,10
64500.000199999995,3.194755,-2.900145,25.77676773071289,25.949481964111328,10
64560.000400000004,3.186193,-2.900151,25.755321502685547,25.821130752563477,10
64620.00050000001,3.177351,-2.900146,25.732349395751953,25.86711883544922,10
64680.000000000015,3.16821,-2.900149,25.73155975341797,25.858362197875977,10
64740.0003,3.15872,-2.900139,25.952606201171875,25.769691467285156,10
64800.0003,3.148868,-2.900133,25.702228546142578,25.8433780670166,10
64860.000400000004,3.138616,-2.900177,25.752185821533203,25.844924926757812,10
64920.00009999999,3.12795,-2.900142,25.712543487548828,25.85999298095703,10
64980.000400000004,3.116809,-2.900122,25.94781494140625,25.897293090820312,10
65040.000199999995,3.105196,-2.900128,25.815587997436523,25.89558219909668,10
65100.0003,3.092993,-2.90017,25.886850357055664,25.73957633972168,10
65160.000000000015,3.080155,-2.900147,25.79578399658203,25.854408264160156,10
65220.000400000004,3.066673,-2.900126,25.933578491210938,25.84964370727539,10
65280.00009999999,3.05242,-2.900128,25.813945770263672,25.87974739074707,10
65340.00009999999,3.037354,-2.900139,25.714122772216797,25.815582275390625,10
65400.00050000001,3.021207,-2.900162,25.728395462036133,25.858362197875977,10
65460.0003,3.004016,-2.900153,25.90101432800293,25.724454879760742,10
65520.000400000004,2.985381,-2.900126,25.84568214416504,25.932859420776367,10
65580.00000000001,2.964976,-2.900167,25.977964401245117,25.808561325073242,10
65640.00050000001,2.941996,-2.900105,25.833070755004883,25.920251846313477,10
65700.0002,2.915563,-2.900146,25.942241668701172,25.73717498779297,10
65760.0004,2.884281,-2.900164,25.932029724121094,25.92655372619629,10
65820.0003,2.846808,-2.90015,25.803638458251953,25.84805679321289,10
65880.00000000001,2.802084,-2.900135,25.980222702026367,25.753787994384766,10
65940.00050000001,2.74789,-2.900159,26.006418228149414,25.77999496459961,10
66000.00009999999,2.682817,-2.90014,25.938274383544922,25.669038772583008,10
66060.0002,2.610532,-2.900137,25.98662567138672,25.703157424926758,10
66120.00009999999,2.5335,-2.900145,25.836135864257812,25.86629867553711,10
66145.7155,2.499986,-2.900103,25.809167861938477,25.867841720581055,10
